{
    "M": 6,
    "N": 6,
    "O": [
        [0, 1],
        [0, 2],
        [0, 3],
        [0, 4],
        [0, 5],
        [0, 6],
        [1, 6],
        [2, 0],
        [2, 2],
        [2, 4],
        [2, 6],
        [3, 0],
        [3, 2],
        [3, 6],
        [4, 0],
        [4, 2],
        [4, 4],
        [4, 6],
        [5, 0],
        [5, 6],
        [6, 0],
        [6, 1],
        [6, 2],
        [6, 3],
        [6, 4],
        [6, 5],
        [6, 6]
    ],
    "xI": [1, 0],
    "XG": []
}
